Time,Height
0.0,0.0
17.529514,0.1033434650455927
30.091492,1.343465045592705
45.052751,5.890577507598784
60.280752,8.78419452887538
75.175483,8.78419452887538
