Time,Height
0.0,0.0
17.498022,0.0911854103343465
30.060462,0.8206686930091185
45.287832,4.924012158054711
60.249299,7.750759878419453
75.210421,7.750759878419453
